date,code,open,high,low,close,volume,amount,turn,pctChg,peTTM,pbMRQ,psTTM,pcfNcfTTM,year,provider
2025-09-29,sz.000001,11.4000,11.4800,11.2700,11.3700,117601243,1334456973.7400,0.606000,-0.263200,5.072422,0.501342,1.587970,19.465839,2025,baostock
2025-09-30,sz.000001,11.3700,11.3700,11.2900,11.3400,83247947,942224081.2800,0.429000,-0.263900,5.059038,0.500020,1.583780,19.414478,2025,baostock
2025-10-09,sz.000001,11.3300,11.4100,11.2700,11.4000,104746906,1187061682.9600,0.539800,0.529100,5.085806,0.502665,1.592160,19.517200,2025,baostock
2025-10-10,sz.000001,11.3700,11.4900,11.3600,11.4300,108794775,1244213512.5900,0.560600,0.263200,5.099190,0.503988,1.596350,19.568562,2025,baostock
2025-10-13,sz.000001,11.3200,11.4600,11.2800,11.4000,116880173,1328180363.5100,0.602300,-0.262500,5.085806,0.502665,1.592160,19.517200,2025,baostock
2025-10-14,sz.000001,11.3900,11.6000,11.3600,11.5700,184342836,2124120304.4800,0.949900,1.491200,5.161647,0.510161,1.615903,19.808246,2025,baostock
2025-10-15,sz.000001,11.3400,11.4200,11.2600,11.4000,127106103,1443458104.6900,0.655000,0.617800,5.085806,0.502665,1.592160,19.517200,2025,baostock
2025-10-16,sz.000001,11.3800,11.5500,11.3600,11.5400,126193687,1447841584.8100,0.650300,1.228100,5.148263,0.508838,1.611713,19.756885,2025,baostock
2025-10-17,sz.000001,11.5000,11.5800,11.3800,11.4000,103966632,1193518554.5600,0.535800,-1.213200,5.085806,0.502665,1.592160,19.517200,2025,baostock
2025-10-20,sz.000001,11.4100,11.4500,11.2700,11.4200,95264110,1081829699.9800,0.490900,0.175400,5.094728,0.503547,1.594953,19.551441,2025,baostock
2025-10-21,sz.000001,11.4000,11.4700,11.3900,11.4300,76116462,869658079.6400,0.392200,0.087600,5.099190,0.503988,1.596350,19.568562,2025,baostock
2025-10-22,sz.000001,11.4000,11.5400,11.4000,11.5200,83370319,957661635.9000,0.429600,0.787400,5.139341,0.507956,1.608920,19.722645,2025,baostock
2025-10-23,sz.000001,11.5200,11.7100,11.5000,11.6300,137311158,1593155218.0000,0.707600,0.954900,5.188414,0.512807,1.624283,19.910969,2025,baostock
2025-10-24,sz.000001,11.6000,11.6800,11.5500,11.5600,98047530,1138026681.0900,0.505300,-0.601900,5.157186,0.509720,1.614506,19.791126,2025,baostock
2025-10-27,sz.000001,11.5400,11.6100,11.4400,11.5200,123948526,1428199707.1900,0.638700,-0.346000,5.184753,0.499035,1.646447,-5.095414,2025,baostock
2025-10-28,sz.000001,11.5300,11.5800,11.4200,11.4700,82156818,943626835.3000,0.423400,-0.434000,5.162250,0.496869,1.639301,-5.073298,2025,baostock
2025-10-29,sz.000001,11.4600,11.4600,11.3600,11.3900,96621364,1100783363.0800,0.497900,-0.697500,5.126244,0.493403,1.627867,-5.037913,2025,baostock
2025-10-30,sz.000001,11.3800,11.4700,11.3600,11.3800,94377015,1077182643.3000,0.486300,-0.087800,5.121744,0.492970,1.626438,-5.033490,2025,baostock
2025-10-31,sz.000001,11.3800,11.4000,11.3000,11.3200,97019293,1099179193.2500,0.500000,-0.527200,5.094740,0.490371,1.617863,-5.006952,2025,baostock
2025-11-03,sz.000001,11.3400,11.4400,11.3000,11.4300,95232643,1084422503.8500,0.490700,0.971700,5.144247,0.495136,1.633584,-5.055606,2025,baostock
2025-11-04,sz.000001,11.4200,11.6400,11.4000,11.5900,150300748,1737289513.5600,0.774500,1.399800,5.216258,0.502067,1.656451,-5.126375,2025,baostock
2025-11-05,sz.000001,11.5900,11.6000,11.5000,11.5200,79492605,918112474.2900,0.409600,-0.604000,5.184753,0.499035,1.646447,-5.095414,2025,baostock
2025-11-06,sz.000001,11.5000,11.5800,11.4700,11.5100,76658546,882799461.5900,0.395000,-0.086800,5.180252,0.498602,1.645017,-5.090991,2025,baostock
2025-11-07,sz.000001,11.5200,11.5800,11.5000,11.5500,73485055,848177983.5200,0.378700,0.347500,5.198255,0.500335,1.650734,-5.108683,2025,baostock
2025-11-10,sz.000001,11.5200,11.6400,11.4500,11.6300,82720833,957555600.7700,0.426300,0.692600,5.234260,0.503800,1.662168,-5.144068,2025,baostock
2025-11-11,sz.000001,11.6200,11.6900,11.5700,11.6700,88650887,1033284775.6500,0.456800,0.343900,5.252263,0.505533,1.667885,-5.161760,2025,baostock
2025-11-12,sz.000001,11.7000,11.7900,11.6500,11.6800,114132538,1337963805.1900,0.588100,0.085700,5.256763,0.505966,1.669314,-5.166183,2025,baostock
2025-11-13,sz.000001,11.6800,11.7200,11.5700,11.7000,97899103,1139765204.1100,0.504500,0.171200,5.265765,0.506832,1.672172,-5.175029,2025,baostock
2025-11-14,sz.000001,11.6700,11.8400,11.6600,11.7500,131699498,1551867288.2100,0.678700,0.427400,5.288268,0.508998,1.679318,-5.197145,2025,baostock
2025-11-17,sz.000001,11.7500,11.7500,11.6200,11.6700,99523287,1161416221.7600,0.512900,-0.680900,5.252263,0.505533,1.667885,-5.161760,2025,baostock
2025-11-18,sz.000001,11.6500,11.6900,11.5700,11.5900,67007735,778887577.9200,0.345300,-0.685500,5.216258,0.502067,1.656451,-5.126375,2025,baostock
2025-11-19,sz.000001,11.5800,11.8300,11.5700,11.8000,133499619,1565428546.5700,0.687900,1.811900,5.310771,0.511164,1.686464,-5.219260,2025,baostock
2025-11-20,sz.000001,11.7900,11.9900,11.7400,11.8500,163703985,1948415939.6500,0.843600,0.423700,5.333275,0.513330,1.693611,-5.241376,2025,baostock
2025-11-21,sz.000001,11.8000,11.8800,11.6600,11.6900,146535888,1721871193.2600,0.755100,-1.350200,5.261264,0.506399,1.670743,-5.170606,2025,baostock
2025-11-24,sz.000001,11.7000,11.7300,11.6000,11.6000,111711880,1302444629.5100,0.575700,-0.769900,5.220758,0.502500,1.657880,-5.130798,2025,baostock
2025-11-25,sz.000001,11.6100,11.8000,11.5800,11.8000,102808052,1203879796.7400,0.529800,1.724100,5.310771,0.511164,1.686464,-5.219260,2025,baostock
2025-11-26,sz.000001,11.8100,11.8500,11.6500,11.6900,82130109,962935429.8500,0.423200,-0.932200,5.261264,0.506399,1.670743,-5.170606,2025,baostock
2025-11-27,sz.000001,11.6600,11.7100,11.5800,11.7100,101184710,1178308953.1300,0.521400,0.171100,5.270265,0.507266,1.673602,-5.179453,2025,baostock
2025-11-28,sz.000001,11.6700,11.6800,11.5800,11.6100,88435845,1027933463.8700,0.455700,-0.854000,5.225259,0.502934,1.659310,-5.135222,2025,baostock
2025-12-01,sz.000001,11.6000,11.7000,11.5300,11.6900,103732271,1205480322.8400,0.534500,0.689100,5.261264,0.506399,1.670743,-5.170606,2025,baostock
2025-12-02,sz.000001,11.6800,11.7300,11.5900,11.6400,76805993,894720591.5900,0.395800,-0.427700,5.238761,0.504233,1.663597,-5.148491,2025,baostock
2025-12-03,sz.000001,11.6400,11.7000,11.5400,11.5500,94460109,1099167226.6400,0.486800,-0.773200,5.198255,0.500335,1.650734,-5.108683,2025,baostock
2025-12-04,sz.000001,11.5500,11.5800,11.4600,11.4900,88608988,1019178990.3000,0.456600,-0.519500,5.171251,0.497735,1.642159,-5.082144,2025,baostock
2025-12-05,sz.000001,11.4900,11.5400,11.4000,11.5300,89076609,1022334911.5400,0.459000,0.348100,5.189254,0.499468,1.647876,-5.099837,2025,baostock
2025-12-08,sz.000001,11.4900,11.6000,11.4800,11.5200,85589893,988510035.1400,0.441100,-0.086700,5.184753,0.499035,1.646447,-5.095414,2025,baostock
2025-12-09,sz.000001,11.5200,11.5400,11.4300,11.4300,73395745,842732358.1500,0.378200,-0.781300,5.144247,0.495136,1.633584,-5.055606,2025,baostock
2025-12-10,sz.000001,11.4400,11.4600,11.2900,11.3300,104406472,1184087688.0100,0.538000,-0.874900,5.099241,0.490804,1.619292,-5.011375,2025,baostock
2025-12-11,sz.000001,11.3500,11.3900,11.3000,11.3700,92526129,1049906215.9700,0.476800,0.353000,5.117243,0.492537,1.625009,-5.029067,2025,baostock
2025-12-12,sz.000001,11.3700,11.4300,11.3000,11.3500,119189472,1357465371.2200,0.614200,-0.175900,5.108242,0.491671,1.622150,-5.020221,2025,baostock
2025-12-15,sz.000001,11.3400,11.5400,11.3300,11.5100,94083253,1080642231.1900,0.484800,1.409700,5.180252,0.498602,1.645017,-5.090991,2025,baostock
2025-12-16,sz.000001,11.4900,11.5500,11.4400,11.4800,64735136,743389002.3200,0.333600,-0.260600,5.166750,0.497302,1.640730,-5.077721,2025,baostock
2025-12-17,sz.000001,11.4700,11.5800,11.4200,11.5300,70149533,807135164.4100,0.361500,0.435500,5.189254,0.499468,1.647876,-5.099837,2025,baostock
2025-12-18,sz.000001,11.5100,11.6500,11.4800,11.6400,79046654,916247610.5900,0.407300,0.954000,5.238761,0.504233,1.663597,-5.148491,2025,baostock
2025-12-19,sz.000001,11.6300,11.6500,11.5800,11.6200,64988619,755106127.4300,0.334900,-0.171800,5.229759,0.503367,1.660739,-5.139645,2025,baostock
2025-12-22,sz.000001,11.6100,11.6100,11.5100,11.5200,74236916,857197057.4600,0.382600,-0.860600,5.184753,0.499035,1.646447,-5.095414,2025,baostock
2025-12-23,sz.000001,11.5200,11.6000,11.5000,11.5600,66626574,770081939.8500,0.343300,0.347200,5.202756,0.500768,1.652164,-5.113106,2025,baostock
2025-12-24,sz.000001,11.5500,11.5800,11.4900,11.5400,50524356,582458734.5200,0.260400,-0.173000,5.193754,0.499901,1.649305,-5.104260,2025,baostock
2025-12-25,sz.000001,11.5400,11.6200,11.5200,11.5600,54745523,633772624.9800,0.282100,0.173300,5.202756,0.500768,1.652164,-5.113106,2025,baostock
2025-12-26,sz.000001,11.5600,11.5900,11.5300,11.5400,43633984,504079280.0500,0.224900,-0.173000,5.193754,0.499901,1.649305,-5.104260,2025,baostock
2025-12-29,sz.000001,11.5400,11.6200,11.5000,11.5600,64829542,749082977.5900,0.334100,0.173300,5.202756,0.500768,1.652164,-5.113106,2025,baostock
2025-12-30,sz.000001,11.5300,11.5600,11.4500,11.4800,58258433,669409275.2700,0.300200,-0.692000,5.166750,0.497302,1.640730,-5.077721,2025,baostock
2025-12-31,sz.000001,11.4800,11.4900,11.4000,11.4100,59062037,675457357.4500,0.304400,-0.609800,5.135246,0.494270,1.630725,-5.046760,2025,baostock
2026-01-05,sz.000001,11.4200,11.5100,11.4100,11.5000,87549118,1003479224.0500,0.451200,0.788800,5.175752,0.498169,1.643588,-5.086567,2026,baostock
2026-01-06,sz.000001,11.5000,11.6800,11.4800,11.6700,130464842,1512911583.8800,0.672300,1.478300,5.252263,0.505533,1.667885,-5.161760,2026,baostock
2026-01-07,sz.000001,11.6600,11.8200,11.6200,11.6400,96623624,1131165699.0400,0.497900,-0.257100,5.238761,0.504233,1.663597,-5.148491,2026,baostock
2026-01-08,sz.000001,11.6400,11.6500,11.4900,11.5100,110008511,1268647294.7000,0.566900,-1.116800,5.180252,0.498602,1.645017,-5.090991,2026,baostock
2026-01-09,sz.000001,11.5300,11.5300,11.4400,11.4600,98339004,1128076547.0800,0.506800,-0.434400,5.157749,0.496436,1.637871,-5.068875,2026,baostock
2026-01-12,sz.000001,11.4500,11.4900,11.4200,11.4800,85521298,979700148.2100,0.440700,0.174500,5.166750,0.497302,1.640730,-5.077721,2026,baostock
2026-01-13,sz.000001,11.4800,11.5400,11.4400,11.4700,106154122,1219755568.5200,0.547000,-0.087100,5.162250,0.496869,1.639301,-5.073298,2026,baostock
2026-01-14,sz.000001,11.4700,11.4700,11.3500,11.3600,127475714,1454416591.0700,0.656900,-0.959000,5.112742,0.492104,1.623579,-5.024644,2026,baostock
2026-01-15,sz.000001,11.3300,11.3700,11.3000,11.3100,88495977,1002514946.7900,0.456000,-0.440100,5.090239,0.489938,1.616433,-5.002528,2026,baostock
2026-01-16,sz.000001,11.3400,11.3400,11.1600,11.1900,111947254,1257713579.2900,0.576900,-1.061000,5.036231,0.484740,1.599283,-4.949451,2026,baostock
2026-01-19,sz.000001,11.1500,11.2100,11.1100,11.1200,80474131,896712443.2800,0.414700,-0.625600,5.004727,0.481707,1.589278,-4.918490,2026,baostock
2026-01-20,sz.000001,11.1200,11.2000,11.1100,11.1600,77227609,861694177.6200,0.398000,0.359700,5.022729,0.483440,1.594995,-4.936182,2026,baostock
2026-01-21,sz.000001,11.1500,11.1800,11.0600,11.0700,90012491,1001045287.8100,0.463800,-0.806500,4.982224,0.479541,1.582132,-4.896374,2026,baostock
2026-01-22,sz.000001,11.0700,11.1500,11.0500,11.0700,78863462,873985784.7100,0.406400,0.000000,4.982224,0.479541,1.582132,-4.896374,2026,baostock
2026-01-23,sz.000001,11.0700,11.0900,10.9800,10.9900,110999429,1224886435.9500,0.572000,-0.722700,4.946218,0.476076,1.570699,-4.860989,2026,baostock
2026-01-26,sz.000001,10.9800,11.0600,10.9200,10.9600,110624665,1214803430.6800,0.570100,-0.273000,4.932716,0.474776,1.566411,-4.847720,2026,baostock
2026-01-27,sz.000001,10.9600,11.0300,10.9300,10.9400,89409121,981119837.7500,0.460700,-0.182500,4.923715,0.473910,1.563553,-4.838874,2026,baostock
2026-01-28,sz.000001,10.9400,10.9900,10.8200,10.8400,143876603,1570012850.0600,0.741400,-0.914100,4.878709,0.469578,1.549261,-4.794643,2026,baostock
2026-01-29,sz.000001,10.8400,10.9800,10.6600,10.9600,185299383,2001845207.9600,0.954900,1.107000,4.932716,0.474776,1.566411,-4.847720,2026,baostock
2026-01-30,sz.000001,10.9400,11.0300,10.8300,10.8300,109175497,1191181198.2500,0.562600,-1.186100,4.874208,0.469145,1.547831,-4.790220,2026,baostock
2026-02-02,sz.000001,10.8200,11.0300,10.8000,10.8600,122317302,1337643444.9600,0.630300,0.277000,4.887710,0.470444,1.552119,-4.803489,2026,baostock
2026-02-03,sz.000001,10.8900,10.9000,10.7700,10.8400,80662816,872562155.4100,0.415700,-0.184200,4.878709,0.469578,1.549261,-4.794643,2026,baostock
2026-02-04,sz.000001,10.8500,10.9800,10.8400,10.9700,69541547,760107689.0900,0.358400,1.199300,4.937217,0.475209,1.567840,-4.852143,2026,baostock
2026-02-05,sz.000001,10.9800,11.1100,10.9600,11.0900,117759109,1301134141.5800,0.606800,1.093900,4.991225,0.480408,1.584991,-4.905220,2026,baostock
2026-02-06,sz.000001,11.0800,11.1400,10.9900,11.0500,72770959,803862240.9200,0.375000,-0.360700,4.973222,0.478675,1.579274,-4.887528,2026,baostock
2026-02-09,sz.000001,11.0500,11.1100,11.0100,11.0700,61971670,685218214.6600,0.319300,0.181000,4.982224,0.479541,1.582132,-4.896374,2026,baostock
2026-02-10,sz.000001,11.0700,11.1000,11.0200,11.0600,60042999,664140162.3400,0.309400,-0.090300,4.977723,0.479108,1.580703,-4.891951,2026,baostock
2026-02-11,sz.000001,11.0600,11.0900,11.0200,11.0700,43104098,476801864.0900,0.222100,0.090400,4.982224,0.479541,1.582132,-4.896374,2026,baostock
2026-02-12,sz.000001,11.0700,11.0800,10.9300,10.9600,68134024,748338546.8000,0.351100,-0.993700,4.932716,0.474776,1.566411,-4.847720,2026,baostock
2026-02-13,sz.000001,10.9600,10.9900,10.9000,10.9100,55504736,607501376.0500,0.286000,-0.456200,4.910213,0.472610,1.559265,-4.825604,2026,baostock
2026-02-24,sz.000001,10.9300,10.9500,10.8800,10.9100,60251240,657487700.2300,0.310500,0.000000,4.910213,0.472610,1.559265,-4.825604,2026,baostock
2026-02-25,sz.000001,10.9100,10.9500,10.7800,10.8600,106313487,1156693737.4300,0.547800,-0.458300,4.887710,0.470444,1.552119,-4.803489,2026,baostock
2026-02-26,sz.000001,10.8600,10.9100,10.8000,10.8700,71273019,772947726.7000,0.367300,0.092100,4.892210,0.470878,1.553548,-4.807912,2026,baostock
2026-02-27,sz.000001,10.8600,10.9200,10.8400,10.9000,61222796,666177345.8000,0.315500,0.276000,4.905712,0.472177,1.557836,-4.821181,2026,baostock
2026-03-02,sz.000001,10.8500,10.8900,10.7700,10.8500,83887355,908747811.5500,0.432300,-0.458700,4.883209,0.470011,1.550690,-4.799066,2026,baostock
2026-03-03,sz.000001,10.8500,10.9500,10.8000,10.8800,102869483,1119402076.0000,0.530100,0.276500,4.896711,0.471311,1.554977,-4.812335,2026,baostock
2026-03-04,sz.000001,10.8400,10.8400,10.6700,10.7100,108971396,1167995855.7300,0.561500,-1.562500,4.820200,0.463947,1.530681,-4.737142,2026,baostock
2026-03-05,sz.000001,10.7200,10.8400,10.7000,10.8100,71264118,768553597.5300,0.367200,0.933700,4.865207,0.468278,1.544973,-4.781373,2026,baostock
2026-03-06,sz.000001,10.7800,10.8400,10.7700,10.8200,47657680,514733549.7300,0.245600,0.092500,4.869707,0.468712,1.546402,-4.785796,2026,baostock
2026-03-09,sz.000001,10.7900,10.8200,10.7400,10.7600,83589238,900716851.3900,0.430700,-0.554500,4.842703,0.466112,1.537827,-4.759258,2026,baostock
2026-03-10,sz.000001,10.7700,10.8100,10.7300,10.8100,79011168,850573535.9300,0.407200,0.464700,4.865207,0.468278,1.544973,-4.781373,2026,baostock
2026-03-11,sz.000001,10.7900,10.9000,10.7700,10.8900,72053464,781041008.8600,0.371300,0.740100,4.901212,0.471744,1.556407,-4.816758,2026,baostock
2026-03-12,sz.000001,10.8700,10.9600,10.8500,10.9400,75490558,824171953.5000,0.389000,0.459100,4.923715,0.473910,1.563553,-4.838874,2026,baostock
2026-03-13,sz.000001,10.9300,11.0000,10.8700,10.9300,84193915,920839355.5100,0.433900,-0.091400,4.919214,0.473477,1.562123,-4.834451,2026,baostock
2026-03-16,sz.000001,10.9300,10.9700,10.8800,10.9200,71560301,782089440.6300,0.368800,-0.091500,4.914714,0.473044,1.560694,-4.830027,2026,baostock
2026-03-17,sz.000001,10.9100,11.0700,10.9000,11.0300,107665681,1187565491.5900,0.554800,1.007300,4.964221,0.477809,1.576416,-4.878682,2026,baostock
2026-03-18,sz.000001,11.0400,11.0400,10.9100,10.9600,79107940,867711250.4600,0.407700,-0.634600,4.932716,0.474776,1.566411,-4.847720,2026,baostock
2026-03-19,sz.000001,10.9200,10.9700,10.8600,10.8800,62421195,681086518.7200,0.321700,-0.729900,4.896711,0.471311,1.554977,-4.812335,2026,baostock
2026-03-20,sz.000001,10.8700,10.9400,10.7600,10.7700,83408256,903819004.1600,0.429800,-1.011000,4.847204,0.466546,1.539256,-4.763681,2026,baostock
2026-03-23,sz.000001,10.6800,10.6800,10.4300,10.4500,158008833,1666328347.8000,0.814200,-2.971200,4.756687,0.449419,1.542824,2.366603,2026,baostock
2026-03-24,sz.000001,10.5200,10.8900,10.5200,10.8800,162225127,1744746707.7000,0.836000,4.114800,4.952417,0.467912,1.606308,2.463985,2026,baostock
2026-03-25,sz.000001,10.8900,10.9500,10.7900,10.9400,74477991,809739890.4400,0.383800,0.551500,4.979728,0.470492,1.615167,2.477573,2026,baostock
2026-03-26,sz.000001,10.9100,11.0500,10.9000,10.9400,82766409,909199430.7400,0.426500,0.000000,4.979728,0.470492,1.615167,2.477573,2026,baostock
2026-03-27,sz.000001,10.9100,11.0500,10.8300,11.0200,88412862,972821270.1400,0.455600,0.731300,5.016143,0.473933,1.626978,2.495690,2026,baostock
2026-03-30,sz.000001,10.9800,11.0500,10.9400,10.9900,63252210,696208267.3500,0.325900,-0.272200,5.002487,0.472643,1.622549,2.488896,2026,baostock
2026-03-31,sz.000001,11.0000,11.1800,10.9900,11.0800,116456534,1294675716.1500,0.600100,0.818900,5.043454,0.476513,1.635836,2.509279,2026,baostock
2026-04-01,sz.000001,11.0900,11.2300,11.0800,11.1500,91892539,1025538832.6700,0.473500,0.631800,5.075317,0.479524,1.646171,2.525131,2026,baostock
2026-04-02,sz.000001,11.1500,11.3200,11.1300,11.2700,114889522,1292756711.6700,0.592000,1.076200,5.129939,0.484685,1.663887,2.552308,2026,baostock
2026-04-03,sz.000001,11.2800,11.2800,11.0900,11.1200,75775733,845283641.2900,0.390500,-1.331000,5.061661,0.478234,1.641742,2.518337,2026,baostock
2026-04-07,sz.000001,11.1200,11.1400,10.9700,11.0300,60795521,671322754.7700,0.313300,-0.809400,5.020695,0.474363,1.628454,2.497955,2026,baostock
2026-04-08,sz.000001,11.1100,11.2200,11.0500,11.2200,81297589,906308305.4500,0.418900,1.722600,5.107180,0.482534,1.656506,2.540984,2026,baostock
2026-04-09,sz.000001,11.1700,11.2200,11.0600,11.1000,60236493,669239285.3700,0.310400,-1.069500,5.052558,0.477373,1.638789,2.513808,2026,baostock
2026-04-10,sz.000001,11.1000,11.1300,11.0700,11.0900,48104693,534088990.5100,0.247900,-0.090100,5.048006,0.476943,1.637313,2.511543,2026,baostock
2026-04-13,sz.000001,11.0500,11.0900,11.0300,11.0700,40610413,449056813.7300,0.209300,-0.180300,5.038902,0.476083,1.634360,2.507014,2026,baostock
2026-04-14,sz.000001,11.0700,11.1700,11.0700,11.1700,49615109,551741632.5800,0.255700,0.903300,5.084421,0.480384,1.649124,2.529661,2026,baostock
2026-04-15,sz.000001,11.1600,11.2200,11.1500,11.2100,50393793,564031568.3300,0.259700,0.358100,5.102628,0.482104,1.655029,2.538720,2026,baostock
2026-04-16,sz.000001,11.2000,11.2300,11.0700,11.0900,68091460,758006903.4200,0.350900,-1.070500,5.048006,0.476943,1.637313,2.511543,2026,baostock
2026-04-17,sz.000001,11.0900,11.1100,10.9900,11.0100,72253042,797678405.5300,0.372300,-0.721400,5.011591,0.473503,1.625501,2.493426,2026,baostock
2026-04-20,sz.000001,11.0100,11.0700,10.9600,11.0600,63003366,695097193.5100,0.324700,0.454100,5.034350,0.475653,1.632883,2.504749,2026,baostock
2026-04-21,sz.000001,11.0400,11.1600,11.0300,11.0800,80694634,896659539.1800,0.415800,0.180800,5.043454,0.476513,1.635836,2.509279,2026,baostock
2026-04-22,sz.000001,11.0800,11.0900,10.9500,10.9800,83905399,923203009.3500,0.432400,-0.902500,4.997935,0.472213,1.621072,2.486632,2026,baostock
2026-04-23,sz.000001,10.9800,11.0300,10.9300,11.0000,64806661,711757543.3100,0.334000,0.182100,5.007039,0.473073,1.624025,2.491161,2026,baostock
2026-04-24,sz.000001,10.9800,11.0300,10.9200,11.0000,58271012,639781173.3200,0.300300,0.000000,5.007039,0.473073,1.624025,2.491161,2026,baostock
2026-04-27,sz.000001,11.3300,11.5700,11.2900,11.3800,340127567,3891707615.2100,1.752700,3.454500,5.128643,0.475862,1.660321,53.433184,2026,baostock
2026-04-28,sz.000001,11.3600,11.4600,11.3200,11.4600,167425883,1908333958.7200,0.862800,0.703000,5.164696,0.479207,1.671993,53.808813,2026,baostock
2026-04-29,sz.000001,11.4300,11.5400,11.3900,11.5200,137842344,1583294868.9800,0.710300,0.523600,5.191737,0.481716,1.680747,54.090534,2026,baostock
2026-04-30,sz.000001,11.5000,11.6000,11.4600,11.4900,113924162,1312827775.7600,0.587100,-0.260400,5.178216,0.480461,1.676370,53.949673,2026,baostock
2026-05-06,sz.000001,11.5000,11.5000,11.3000,11.3600,121638755,1380730921.1300,0.626800,-1.131400,5.119629,0.475025,1.657403,53.339277,2026,baostock
2026-05-07,sz.000001,11.3700,11.3900,11.3000,11.3700,93695806,1062755238.5000,0.482800,0.088000,5.124136,0.475444,1.658862,53.386230,2026,baostock
2026-05-08,sz.000001,11.3400,11.4200,11.3000,11.3000,79881986,905737835.2100,0.411600,-0.615700,5.092589,0.472517,1.648650,53.057555,2026,baostock
2026-05-11,sz.000001,11.2900,11.3100,11.1600,11.2800,93186521,1047435369.3800,0.480200,-0.177000,5.083575,0.471680,1.645732,52.963648,2026,baostock
2026-05-12,sz.000001,11.2800,11.3600,11.2100,11.2500,102903842,1158241865.9100,0.530300,-0.266000,5.070055,0.470426,1.641355,52.822787,2026,baostock
2026-05-13,sz.000001,11.2500,11.2800,11.1100,11.1400,101797392,1136724107.4000,0.524600,-0.977800,5.020481,0.465826,1.625306,52.306298,2026,baostock
2026-05-14,sz.000001,11.1400,11.1500,11.0500,11.0500,79436841,881960631.2000,0.409400,-0.807900,4.979921,0.462063,1.612175,51.883715,2026,baostock
2026-05-15,sz.000001,11.0500,11.1100,10.9600,10.9900,97474176,1074648532.6500,0.502300,-0.543000,4.952881,0.459554,1.603421,51.601994,2026,baostock
2026-05-18,sz.000001,10.9600,10.9700,10.8200,10.8600,85638157,931697164.0000,0.441300,-1.182900,4.894293,0.454118,1.584454,50.991597,2026,baostock
2026-05-19,sz.000001,10.8300,10.9200,10.8300,10.8600,79352913,862561883.3600,0.408900,0.000000,4.894293,0.454118,1.584454,50.991597,2026,baostock
2026-05-20,sz.000001,10.8600,10.8800,10.7600,10.7700,74763214,808079588.8700,0.385300,-0.828700,4.853733,0.450354,1.571324,50.569015,2026,baostock
2026-05-21,sz.000001,10.7800,10.8000,10.6900,10.7000,111021108,1194144111.5000,0.572100,-0.650000,4.822186,0.447427,1.561111,50.240340,2026,baostock
2026-05-22,sz.000001,10.7000,10.7300,10.6500,10.6800,95413273,1020057083.1300,0.491700,-0.186900,4.813172,0.446591,1.558193,50.146433,2026,baostock
2026-05-25,sz.000001,10.6800,10.7600,10.6400,10.6800,66310295,709614127.7700,0.341700,0.000000,4.813172,0.446591,1.558193,50.146433,2026,baostock
2026-05-26,sz.000001,10.7100,10.8300,10.6600,10.7900,83734690,900879538.0500,0.431500,1.030000,4.862746,0.451191,1.574241,50.662922,2026,baostock
2026-05-27,sz.000001,10.7600,10.8500,10.7200,10.7600,83972718,905710898.2800,0.432700,-0.278000,4.849226,0.449936,1.569865,50.522061,2026,baostock
2026-05-28,sz.000001,10.7600,10.7900,10.6300,10.6600,90071107,963695781.2100,0.464200,-0.929400,4.804159,0.445755,1.555275,50.052526,2026,baostock
2026-05-29,sz.000001,10.6500,10.9300,10.6200,10.9300,139936780,1515692068.2800,0.721100,2.532800,4.925840,0.457045,1.594667,51.320272,2026,baostock
2026-06-01,sz.000001,10.9000,10.9900,10.8100,10.9900,95459569,1042306455.8600,0.491900,0.548900,4.952881,0.459554,1.603421,51.601994,2026,baostock
2026-06-02,sz.000001,10.9800,11.1000,10.9400,11.0800,88542842,978159336.8600,0.456300,0.818900,4.993441,0.463317,1.616552,52.024576,2026,baostock
2026-06-03,sz.000001,11.0300,11.0600,10.9200,10.9900,82527172,906870268.3500,0.425300,-0.812300,4.952881,0.459554,1.603421,51.601994,2026,baostock
2026-06-04,sz.000001,10.9100,10.9700,10.7700,10.8200,86927083,943329311.3900,0.447900,-1.546900,4.876266,0.452445,1.578618,50.803783,2026,baostock
2026-06-05,sz.000001,10.8300,11.0300,10.8300,10.9800,100350334,1102446143.3400,0.517100,1.478700,4.948374,0.459135,1.601962,51.555040,2026,baostock
2026-06-08,sz.000001,10.9700,11.1000,10.9600,11.0300,109092646,1203946343.4000,0.562200,0.455400,4.970908,0.461226,1.609257,51.789808,2026,baostock
2026-06-09,sz.000001,11.0100,11.1900,10.9600,11.1300,114967234,1277122415.7900,0.592400,0.906600,5.015975,0.465408,1.623847,52.259344,2026,baostock
2026-06-10,sz.000001,11.0700,11.3500,11.0700,11.3200,154317639,1738056712.0300,0.795200,1.707100,5.101602,0.473353,1.651568,53.151462,2026,baostock
2026-06-11,sz.000001,11.3200,11.3900,11.2500,11.3000,115622222,1308133972.1300,0.595800,-0.176700,5.092589,0.472517,1.648650,53.057555,2026,baostock
2026-06-12,sz.000001,11.0000,11.2500,10.8800,11.2400,203235546,2263042930.5700,1.047300,2.742200,5.065549,0.470008,1.639896,52.775834,2026,baostock
2026-06-15,sz.000001,11.2100,11.2100,10.9800,11.0600,154130495,1711561286.5700,0.794300,-1.601400,4.984428,0.462481,1.613634,51.930669,2026,baostock
2026-06-16,sz.000001,11.0500,11.1200,10.9100,10.9400,94270804,1034554249.3800,0.485800,-1.085000,4.930347,0.457463,1.596126,51.367226,2026,baostock
2026-06-17,sz.000001,10.9700,10.9900,10.7500,10.7800,96582803,1046564895.5400,0.497700,-1.462500,4.858240,0.450772,1.572782,50.615969,2026,baostock
2026-06-18,sz.000001,10.7400,10.7700,10.5200,10.5200,142689316,1511009564.9500,0.735300,-2.411900,4.741065,0.439900,1.534849,49.395175,2026,baostock
2026-06-22,sz.000001,10.5200,10.6700,10.4200,10.6500,126531672,1334768052.7800,0.652000,1.235700,4.799652,0.445336,1.553816,50.005572,2026,baostock
2026-06-23,sz.000001,10.6500,10.9100,10.6300,10.7100,119060407,1285360400.3800,0.613500,0.563400,4.826693,0.447845,1.562570,50.287293,2026,baostock
2026-06-24,sz.000001,10.6800,10.7800,10.5100,10.5100,112584114,1193370303.5600,0.580200,-1.867400,4.736558,0.439482,1.533390,49.348222,2026,baostock
2026-06-25,sz.000001,10.4700,10.5900,10.4100,10.4200,108399905,1136742126.4700,0.558600,-0.856300,4.695998,0.435719,1.520259,48.925639,2026,baostock
2026-06-26,sz.000001,10.4200,10.4700,10.1900,10.2300,123648164,1270902947.8600,0.637200,-1.823400,4.610370,0.427774,1.492538,48.033521,2026,baostock
2026-06-29,sz.000001,10.2200,10.3200,10.0200,10.2400,112413978,1144166877.6400,0.579300,0.097800,4.614877,0.428192,1.493997,48.080475,2026,baostock
2026-06-30,sz.000001,10.2200,10.2200,10.0400,10.0500,111135281,1121201539.4800,0.572700,-1.855500,4.529249,0.420247,1.466277,47.188357,2026,baostock
2026-07-01,sz.000001,10.0500,10.1800,9.9900,10.1600,90688982,915838549.1200,0.467300,1.094500,4.578823,0.424847,1.482326,47.704846,2026,baostock
2026-07-02,sz.000001,10.2000,10.3600,10.1700,10.2800,100474867,1030886382.4200,0.517800,1.181100,4.632904,0.429865,1.499833,48.268289,2026,baostock
2026-07-03,sz.000001,10.2900,10.4000,10.1800,10.2900,86332664,888789393.3700,0.444900,0.097300,4.637411,0.430283,1.501292,48.315243,2026,baostock
2026-07-06,sz.000001,10.2500,10.5200,10.2200,10.5000,106104863,1103902583.4400,0.546800,2.040800,4.732052,0.439064,1.531931,49.301268,2026,baostock
2026-07-07,sz.000001,10.4600,10.5100,10.3500,10.4700,80522115,840465778.0500,0.414900,-0.285700,4.718531,0.437810,1.527554,49.160407,2026,baostock
2026-07-08,sz.000001,10.4400,10.6300,10.3400,10.6000,95076022,1002624597.2400,0.489900,1.241600,4.777119,0.443246,1.546521,49.770804,2026,baostock
2026-07-09,sz.000001,10.5500,10.5900,10.4300,10.4900,74719101,785387063.0700,0.385000,-1.037700,4.727545,0.438646,1.530472,49.254315,2026,baostock
2026-07-10,sz.000001,10.5000,10.5100,10.4000,10.4500,95732035,999718249.3200,0.493300,-0.381300,4.709518,0.436973,1.524636,49.066500,2026,baostock
2026-07-13,sz.000001,10.4200,10.5500,10.3800,10.5400,92474624,971033144.4300,0.476500,0.861200,4.750078,0.440737,1.537767,49.489082,2026,baostock
2026-07-14,sz.000001,10.5300,10.7000,10.4800,10.6900,119371535,1267511183.6800,0.615100,1.423100,4.817679,0.447009,1.559652,50.193386,2026,baostock
2026-07-15,sz.000001,10.6500,10.8700,10.6300,10.8400,98142155,1059209085.4700,0.505700,1.403200,4.885280,0.453281,1.581536,50.897690,2026,baostock
2026-07-16,sz.000001,10.8500,10.9300,10.7200,10.7700,80076623,864435895.0000,0.412600,-0.645800,4.853733,0.450354,1.571324,50.569015,2026,baostock
2026-07-17,sz.000001,10.7500,10.8800,10.7200,10.7800,107549901,1163189278.5100,0.554200,0.092900,4.858240,0.450772,1.572782,50.615969,2026,baostock
2026-07-20,sz.000001,10.7500,11.0000,10.7400,10.9800,156730393,1713460189.5200,0.807700,1.855300,4.948374,0.459135,1.601962,51.555040,2026,baostock
2026-07-21,sz.000001,10.9900,11.1300,10.8300,10.8400,175511288,1925298924.8200,0.904400,-1.275000,4.885280,0.453281,1.581536,50.897690,2026,baostock
2026-07-22,sz.000001,10.8100,10.9800,10.7700,10.9800,102948394,1120150607.1700,0.530500,1.291500,4.948374,0.459135,1.601962,51.555040,2026,baostock
2026-07-23,sz.000001,10.9200,11.1200,10.9000,11.0800,109574268,1210838024.3800,0.564700,0.910700,4.993441,0.463317,1.616552,52.024576,2026,baostock
2026-07-24,sz.000001,11.0900,11.1800,11.0900,11.1000,114093292,1269361121.7700,0.587900,0.180500,5.002455,0.464153,1.619470,52.118483,2026,baostock
2026-07-27,sz.000001,11.1100,11.1600,11.0400,11.1100,95715556,1062796331.7600,0.493200,0.090100,5.006961,0.464572,1.620929,52.165437,2026,baostock
2026-07-28,sz.000001,11.1000,11.2100,11.0900,11.2000,106101129,1185514939.7700,0.546800,0.810100,5.047522,0.468335,1.634060,52.588019,2026,baostock
2026-07-29,sz.000001,11.1900,11.3600,11.1800,11.2800,151105407,1705864042.1700,0.778700,0.714300,5.083575,0.471680,1.645732,52.963648,2026,baostock
2026-07-30,sz.000001,11.2800,11.6200,11.1800,11.6100,277770773,3194072443.4400,1.431400,2.925500,5.232297,0.485479,1.693878,54.513116,2026,baostock
2026-07-31,sz.000001,11.5000,11.6300,11.2800,11.6300,202497895,2318839881.3100,1.043500,0.172300,5.241310,0.486316,1.696796,54.607024,2026,baostock
2026-08-03,sz.000001,11.5400,11.6600,11.5200,11.6200,106085094,1229339791.9100,0.546700,-0.086000,5.236804,0.485897,1.695337,54.560070,2026,baostock
2026-08-04,sz.000001,11.5800,11.6200,11.4200,11.4400,122112984,1401213600.0300,0.629300,-1.549100,5.155683,0.478371,1.669075,53.714905,2026,baostock
2026-08-05,sz.000001,11.4100,11.5000,11.1800,11.2500,151150993,1703942517.4300,0.778900,-1.660800,5.070055,0.470426,1.641355,52.822787,2026,baostock
2026-08-06,sz.000001,11.2200,11.2800,11.1200,11.2700,104634257,1171011830.2400,0.539200,0.177800,5.079069,0.471262,1.644273,52.916694,2026,baostock
2026-08-07,sz.000001,11.2300,11.2600,11.1000,11.1900,88297701,986373743.2600,0.455000,-0.709800,5.043015,0.467917,1.632601,52.541066,2026,baostock
2026-08-10,sz.000001,11.1800,11.3800,11.1600,11.2900,88906014,1005591372.5000,0.458100,0.893700,5.088082,0.472098,1.647191,53.010602,2026,baostock
2026-08-11,sz.000001,11.3100,11.4000,11.2400,11.2600,66336053,749686462.0200,0.341800,-0.265700,5.074562,0.470844,1.642814,52.869741,2026,baostock
2026-08-12,sz.000001,11.2600,11.2900,11.2000,11.2500,63295026,711612877.9700,0.326200,-0.088800,5.070055,0.470426,1.641355,52.822787,2026,baostock
2026-08-13,sz.000001,11.2300,11.2700,11.1800,11.2500,75598076,848358766.4900,0.389600,0.000000,5.070055,0.470426,1.641355,52.822787,2026,baostock
2026-08-14,sz.000001,11.2200,11.2300,11.1100,11.1100,83234379,929098438.1600,0.428900,-1.244400,5.006961,0.464572,1.620929,52.165437,2026,baostock
2026-08-17,sz.000001,11.2000,11.2200,11.0700,11.1000,92904344,1031951473.9800,0.478700,-0.090000,4.956527,0.460058,1.623571,-13.240254,2026,baostock
2026-08-18,sz.000001,11.1000,11.1400,11.0300,11.0500,80892971,896326748.7100,0.416900,-0.450500,4.934200,0.457986,1.616258,-13.180613,2026,baostock
2026-08-19,sz.000001,11.0800,11.2700,11.0700,11.2700,142649557,1596598790.0800,0.735100,1.991000,5.032437,0.467104,1.648437,-13.443033,2026,baostock
2026-08-20,sz.000001,11.2000,11.4000,11.1900,11.4000,118357823,1338932697.2900,0.609900,1.153500,5.090487,0.472492,1.667452,-13.598099,2026,baostock
2026-08-21,sz.000001,11.3600,11.4600,11.3200,11.4100,86912763,990112066.4100,0.447900,0.087700,5.094952,0.472907,1.668914,-13.610027,2026,baostock
2026-08-24,sz.000001,11.3800,11.5800,11.3500,11.5600,119902495,1383380014.2700,0.617900,1.314600,5.161932,0.479124,1.690854,-13.788949,2026,baostock
2026-08-25,sz.000001,11.5700,11.6400,11.5300,11.5900,99488115,1152242456.6700,0.512700,0.259500,5.175328,0.480367,1.695242,-13.824734,2026,baostock
2026-08-26,sz.000001,11.5500,11.7500,11.5200,11.7300,116728878,1363009729.5400,0.601500,1.207900,5.237843,0.486170,1.715720,-13.991728,2026,baostock
2026-08-27,sz.000001,11.7000,11.7200,11.5100,11.5900,97570170,1131000125.9500,0.502800,-1.193500,5.175328,0.480367,1.695242,-13.824734,2026,baostock
2026-08-28,sz.000001,11.5400,11.6800,11.4800,11.6500,83812624,973220511.5100,0.431900,0.517700,5.202120,0.482854,1.704018,-13.896303,2026,baostock
2026-08-31,sz.000001,11.6400,11.7700,11.6200,11.7200,90885655,1063281431.4700,0.468300,0.600900,5.233378,0.485755,1.714257,-13.979800,2026,baostock
2026-09-01,sz.000001,11.6800,11.9600,11.6500,11.9200,152316453,1807254404.8600,0.784900,1.706500,5.322684,0.494044,1.743511,-14.218363,2026,baostock
2026-09-02,sz.000001,11.9200,11.9900,11.8500,11.9100,89224752,1063261810.4600,0.459800,-0.083900,5.318219,0.493630,1.742048,-14.206435,2026,baostock
2026-09-03,sz.000001,11.8800,12.0800,11.8300,11.8800,110513439,1324230286.2400,0.569500,-0.251900,5.304823,0.492387,1.737660,-14.170650,2026,baostock
2026-09-04,sz.000001,11.8600,12.0000,11.8500,11.8900,81437295,969948436.2100,0.419700,0.084200,5.309288,0.492801,1.739123,-14.182578,2026,baostock
2026-09-07,sz.000001,11.8700,11.8800,11.6500,11.7000,108727552,1275606340.0100,0.560300,-1.598000,5.224447,0.484926,1.711332,-13.955943,2026,baostock
2026-09-08,sz.000001,11.6600,11.8100,11.6500,11.7800,74051597,870361064.1700,0.381600,0.683800,5.260170,0.488242,1.723033,-14.051369,2026,baostock
2026-09-09,sz.000001,11.7600,11.7900,11.6900,11.7000,58230598,682946782.6600,0.300100,-0.679100,5.224447,0.484926,1.711332,-13.955943,2026,baostock
2026-09-10,sz.000001,11.6800,11.8600,11.6600,11.8500,86763222,1022543914.2400,0.447100,1.282100,5.291427,0.491143,1.733272,-14.134866,2026,baostock
2026-09-11,sz.000001,11.8200,11.8600,11.7100,11.7400,83246084,979990554.2000,0.429000,-0.928300,5.242308,0.486584,1.717183,-14.003656,2026,baostock
2026-09-14,sz.000001,11.7300,11.9000,11.7200,11.8500,74124802,876071018.2200,0.382000,0.937000,5.291427,0.491143,1.733272,-14.134866,2026,baostock
2026-09-15,sz.000001,11.8200,11.8800,11.7700,11.8200,75525146,893382876.3400,0.389200,-0.253200,5.278031,0.489900,1.728884,-14.099081,2026,baostock
2026-09-16,sz.000001,11.8000,11.8400,11.5700,11.7000,94962632,1106652939.6600,0.489400,-1.015200,5.224447,0.484926,1.711332,-13.955943,2026,baostock
2026-09-17,sz.000001,11.6800,11.7400,11.5700,11.6100,69192535,806153129.9400,0.356600,-0.769200,5.184259,0.481196,1.698168,-13.848590,2026,baostock
2026-09-18,sz.000001,11.5900,11.8200,11.5600,11.7000,85303779,999918139.6100,0.439600,0.775200,5.224447,0.484926,1.711332,-13.955943,2026,baostock
2026-09-21,sz.000001,11.7000,11.7300,11.6000,11.7300,81755531,954184678.7100,0.421300,0.256400,5.237843,0.486170,1.715720,-13.991728,2026,baostock
2026-09-22,sz.000001,11.7000,11.7500,11.6200,11.7100,75945732,887703116.5800,0.391400,-0.170500,5.228912,0.485341,1.712795,-13.967872,2026,baostock
2026-09-23,sz.000001,11.6800,11.7100,11.5500,11.6000,90672565,1052015092.4800,0.467200,-0.939400,5.179794,0.480782,1.696705,-13.836662,2026,baostock
2026-09-24,sz.000001,11.3500,11.4700,11.2900,11.3000,104381872,1186736895.7000,0.537900,-0.440500,5.045833,0.468348,1.652825,-13.478817,2026,baostock
2026-09-28,sz.000001,11.2800,11.4100,11.2700,11.3000,71534143,810575796.4000,0.368600,0.000000,5.045833,0.468348,1.652825,-13.478817,2026,baostock
