stock_name,code,date,open,close,high,low,volume,amount,amplitude,pct_change,change,turnover_rate,year,provider
贵州茅台,600519,2025-09-29,1387.4,1408.88,1418.01,1383.02,53684,7798434586.0,2.53,1.87,25.86,0.43,2025,efinance/eastmoney
贵州茅台,600519,2025-09-30,1408.02,1392.01,1408.78,1388.02,39364,5687474876.0,1.47,-1.2,-16.87,0.31,2025,efinance/eastmoney
贵州茅台,600519,2025-10-09,1384.02,1384.8,1387.4,1368.02,54918,7845448947.0,1.39,-0.52,-7.21,0.44,2025,efinance/eastmoney
贵州茅台,600519,2025-10-10,1385.62,1378.02,1387.96,1375.52,36001,5157459262.0,0.9,-0.49,-6.78,0.29,2025,efinance/eastmoney
贵州茅台,600519,2025-10-13,1363.72,1367.22,1370.87,1363.14,46069,6533147458.0,0.56,-0.78,-10.8,0.37,2025,efinance/eastmoney
贵州茅台,600519,2025-10-14,1378.01,1399.04,1412.02,1378.01,66672,9639484605.0,2.49,2.33,31.82,0.53,2025,efinance/eastmoney
贵州茅台,600519,2025-10-15,1399.0,1410.02,1411.02,1393.1,42785,6233407482.0,1.28,0.78,10.98,0.34,2025,efinance/eastmoney
贵州茅台,600519,2025-10-16,1409.94,1432.93,1432.97,1406.9,45730,6749162949.0,1.85,1.62,22.91,0.37,2025,efinance/eastmoney
贵州茅台,600519,2025-10-17,1431.12,1403.02,1436.02,1402.05,38086,5594724900.0,2.37,-2.09,-29.91,0.3,2025,efinance/eastmoney
贵州茅台,600519,2025-10-20,1403.02,1405.95,1417.52,1402.9,25950,3793283759.0,1.04,0.21,2.93,0.21,2025,efinance/eastmoney
贵州茅台,600519,2025-10-21,1407.02,1410.28,1417.96,1403.52,25443,3727984130.0,1.03,0.31,4.33,0.2,2025,efinance/eastmoney
贵州茅台,600519,2025-10-22,1410.1,1406.72,1413.75,1404.02,18195,2657486636.0,0.69,-0.25,-3.56,0.15,2025,efinance/eastmoney
贵州茅台,600519,2025-10-23,1403.02,1416.0,1416.82,1395.22,29322,4274652090.0,1.54,0.66,9.28,0.23,2025,efinance/eastmoney
贵州茅台,600519,2025-10-24,1415.97,1398.02,1426.9,1397.36,38226,5578603148.0,2.09,-1.27,-17.98,0.31,2025,efinance/eastmoney
贵州茅台,600519,2025-10-27,1388.02,1388.43,1400.51,1384.01,37102,5352667152.0,1.18,-0.69,-9.59,0.3,2025,efinance/eastmoney
贵州茅台,600519,2025-10-28,1390.02,1393.02,1399.22,1389.12,27124,3923817140.0,0.73,0.33,4.59,0.22,2025,efinance/eastmoney
贵州茅台,600519,2025-10-29,1388.04,1379.92,1394.57,1378.06,33937,4868780319.0,1.19,-0.94,-13.1,0.27,2025,efinance/eastmoney
贵州茅台,600519,2025-10-30,1369.83,1374.76,1384.65,1369.83,47456,6768821311.0,1.07,-0.37,-5.16,0.38,2025,efinance/eastmoney
贵州茅台,600519,2025-10-31,1370.02,1378.03,1384.0,1368.13,35694,5109623861.0,1.15,0.24,3.27,0.29,2025,efinance/eastmoney
贵州茅台,600519,2025-11-03,1379.02,1383.02,1396.02,1368.12,34548,4945310830.0,2.02,0.36,4.99,0.28,2025,efinance/eastmoney
贵州茅台,600519,2025-11-04,1383.12,1377.02,1383.8,1371.8,26566,3793892903.0,0.87,-0.43,-6.0,0.21,2025,efinance/eastmoney
贵州茅台,600519,2025-11-05,1373.91,1368.1,1379.01,1368.03,34475,4908475373.0,0.8,-0.65,-8.92,0.28,2025,efinance/eastmoney
贵州茅台,600519,2025-11-06,1378.02,1383.15,1389.47,1378.01,38348,5505960415.0,0.84,1.1,15.05,0.31,2025,efinance/eastmoney
贵州茅台,600519,2025-11-07,1383.13,1381.35,1387.8,1379.13,18861,2704995856.0,0.63,-0.13,-1.8,0.15,2025,efinance/eastmoney
贵州茅台,600519,2025-11-10,1383.02,1410.32,1411.71,1383.0,49452,7181246441.0,2.08,2.1,28.97,0.39,2025,efinance/eastmoney
贵州茅台,600519,2025-11-11,1410.02,1407.01,1410.2,1395.02,26692,3882776772.0,1.08,-0.23,-3.31,0.21,2025,efinance/eastmoney
贵州茅台,600519,2025-11-12,1408.0,1413.17,1426.38,1407.23,32992,4849073051.0,1.36,0.44,6.16,0.26,2025,efinance/eastmoney
贵州茅台,600519,2025-11-13,1410.14,1418.4,1421.6,1406.02,31179,4569178269.0,1.1,0.37,5.23,0.25,2025,efinance/eastmoney
贵州茅台,600519,2025-11-14,1418.02,1404.62,1426.97,1404.32,27473,4031007106.0,1.6,-0.97,-13.78,0.22,2025,efinance/eastmoney
贵州茅台,600519,2025-11-17,1402.02,1419.02,1421.02,1393.81,34462,5035780027.0,1.94,1.03,14.4,0.28,2025,efinance/eastmoney
贵州茅台,600519,2025-11-18,1418.72,1424.02,1434.09,1417.02,34205,5055675474.0,1.2,0.35,5.0,0.27,2025,efinance/eastmoney
贵州茅台,600519,2025-11-19,1422.02,1419.03,1427.55,1417.98,22045,3249449214.0,0.67,-0.35,-4.99,0.18,2025,efinance/eastmoney
贵州茅台,600519,2025-11-20,1420.02,1415.13,1427.92,1413.05,24002,3531653943.0,1.05,-0.27,-3.9,0.19,2025,efinance/eastmoney
贵州茅台,600519,2025-11-21,1418.52,1414.62,1428.02,1404.02,42607,6259873433.0,1.7,-0.04,-0.51,0.34,2025,efinance/eastmoney
贵州茅台,600519,2025-11-24,1415.02,1400.02,1419.02,1399.15,33607,4901903705.0,1.4,-1.03,-14.6,0.27,2025,efinance/eastmoney
贵州茅台,600519,2025-11-25,1406.02,1392.67,1406.02,1392.52,28441,4119930011.0,0.96,-0.52,-7.35,0.23,2025,efinance/eastmoney
贵州茅台,600519,2025-11-26,1396.9,1397.17,1401.51,1391.6,20306,2938818095.0,0.71,0.32,4.5,0.16,2025,efinance/eastmoney
贵州茅台,600519,2025-11-27,1397.52,1395.32,1398.02,1387.06,22287,3216797187.0,0.78,-0.13,-1.85,0.18,2025,efinance/eastmoney
贵州茅台,600519,2025-11-28,1394.52,1398.52,1403.52,1391.02,23211,3366696622.0,0.9,0.23,3.2,0.19,2025,efinance/eastmoney
贵州茅台,600519,2025-12-01,1399.02,1396.02,1410.29,1390.02,27333,3961994999.0,1.45,-0.18,-2.5,0.22,2025,efinance/eastmoney
贵州茅台,600519,2025-12-02,1396.02,1384.05,1399.94,1383.04,25047,3607543825.0,1.21,-0.86,-11.97,0.2,2025,efinance/eastmoney
贵州茅台,600519,2025-12-03,1383.83,1377.12,1383.99,1376.02,23573,3370080066.0,0.58,-0.5,-6.93,0.19,2025,efinance/eastmoney
贵州茅台,600519,2025-12-04,1377.12,1372.0,1380.52,1366.4,29075,4134921902.0,1.03,-0.37,-5.12,0.23,2025,efinance/eastmoney
贵州茅台,600519,2025-12-05,1372.0,1378.03,1381.11,1367.52,25402,3622681597.0,0.99,0.44,6.03,0.2,2025,efinance/eastmoney
贵州茅台,600519,2025-12-08,1377.22,1366.24,1384.69,1366.02,33603,4789155770.0,1.35,-0.86,-11.79,0.27,2025,efinance/eastmoney
贵州茅台,600519,2025-12-09,1366.25,1349.03,1369.02,1348.07,42634,5995722121.0,1.53,-1.26,-17.21,0.34,2025,efinance/eastmoney
贵州茅台,600519,2025-12-10,1348.02,1350.82,1350.82,1331.2,33133,4625906139.0,1.45,0.13,1.79,0.26,2025,efinance/eastmoney
贵州茅台,600519,2025-12-11,1354.68,1360.01,1360.01,1349.57,22385,3149974074.0,0.77,0.68,9.19,0.18,2025,efinance/eastmoney
贵州茅台,600519,2025-12-12,1366.02,1368.67,1373.02,1361.59,37159,5273563274.0,0.84,0.64,8.66,0.3,2025,efinance/eastmoney
贵州茅台,600519,2025-12-15,1387.61,1374.02,1388.01,1373.59,33359,4774362060.0,1.05,0.39,5.35,0.27,2025,efinance/eastmoney
贵州茅台,600519,2025-12-16,1374.22,1370.02,1376.8,1363.02,23964,3403139194.0,1.0,-0.29,-4.0,0.19,2025,efinance/eastmoney
贵州茅台,600519,2025-12-17,1373.02,1381.12,1387.96,1365.7,31382,4489482138.0,1.62,0.81,11.1,0.25,2025,efinance/eastmoney
贵州茅台,600519,2025-12-18,1381.52,1379.02,1386.9,1374.13,17830,2551177659.0,0.92,-0.15,-2.1,0.14,2025,efinance/eastmoney
贵州茅台,600519,2025-12-19,1381.98,1381.98,1384.43,1372.99,26509,3733028357.0,0.83,0.21,2.96,0.21,2025,efinance/eastmoney
贵州茅台,600519,2025-12-22,1381.98,1380.24,1386.12,1378.56,20426,2881636856.0,0.55,-0.13,-1.74,0.16,2025,efinance/eastmoney
贵州茅台,600519,2025-12-23,1380.24,1379.84,1384.91,1369.17,24507,3445377032.0,1.14,-0.03,-0.4,0.2,2025,efinance/eastmoney
贵州茅台,600519,2025-12-24,1376.97,1372.88,1378.34,1371.98,25187,3533253565.0,0.46,-0.5,-6.96,0.2,2025,efinance/eastmoney
贵州茅台,600519,2025-12-25,1376.98,1386.15,1391.46,1373.36,23386,3299572096.0,1.32,0.97,13.27,0.19,2025,efinance/eastmoney
贵州茅台,600519,2025-12-26,1386.15,1386.11,1391.12,1381.98,17803,2520605635.0,0.66,0.0,-0.04,0.14,2025,efinance/eastmoney
贵州茅台,600519,2025-12-29,1386.11,1373.98,1386.11,1372.98,26308,3694660107.0,0.95,-0.88,-12.13,0.21,2025,efinance/eastmoney
贵州茅台,600519,2025-12-30,1372.98,1361.7,1373.88,1357.98,33792,4702489813.0,1.16,-0.89,-12.28,0.27,2025,efinance/eastmoney
贵州茅台,600519,2025-12-31,1361.98,1349.16,1365.98,1349.15,34766,4799456452.0,1.24,-0.92,-12.54,0.28,2025,efinance/eastmoney
贵州茅台,600519,2026-01-05,1356.98,1397.98,1403.86,1356.98,70949,10018086372.0,3.47,3.62,48.82,0.57,2026,efinance/eastmoney
贵州茅台,600519,2026-01-06,1404.53,1399.99,1408.95,1388.51,39586,5649710153.0,1.46,0.14,2.01,0.32,2026,efinance/eastmoney
贵州茅台,600519,2026-01-07,1404.86,1395.34,1406.98,1392.18,29684,4234255286.0,1.06,-0.33,-4.65,0.24,2026,efinance/eastmoney
贵州茅台,600519,2026-01-08,1395.31,1384.28,1395.34,1380.12,29135,4117925041.0,1.09,-0.79,-11.06,0.23,2026,efinance/eastmoney
贵州茅台,600519,2026-01-09,1388.98,1391.08,1400.58,1387.99,29848,4243865418.0,0.91,0.49,6.8,0.24,2026,efinance/eastmoney
贵州茅台,600519,2026-01-12,1391.08,1395.21,1402.98,1389.08,36083,5135636033.0,1.0,0.3,4.13,0.29,2026,efinance/eastmoney
贵州茅台,600519,2026-01-13,1398.77,1382.98,1401.5,1380.97,39169,5555633779.0,1.47,-0.88,-12.23,0.31,2026,efinance/eastmoney
贵州茅台,600519,2026-01-14,1382.98,1369.99,1394.23,1368.16,51758,7285041159.0,1.89,-0.94,-12.99,0.41,2026,efinance/eastmoney
贵州茅台,600519,2026-01-15,1368.0,1360.87,1374.81,1360.56,40907,5698739671.0,1.04,-0.67,-9.12,0.33,2026,efinance/eastmoney
贵州茅台,600519,2026-01-16,1366.98,1353.98,1369.48,1351.98,55121,7643061998.0,1.29,-0.51,-6.89,0.44,2026,efinance/eastmoney
贵州茅台,600519,2026-01-19,1353.88,1347.98,1359.47,1346.98,42286,5833745442.0,0.92,-0.44,-6.0,0.34,2026,efinance/eastmoney
贵州茅台,600519,2026-01-20,1351.48,1345.53,1353.56,1344.03,36484,5021900765.0,0.71,-0.18,-2.45,0.29,2026,efinance/eastmoney
贵州茅台,600519,2026-01-21,1345.54,1323.04,1346.38,1321.98,64516,8775880803.0,1.81,-1.67,-22.49,0.52,2026,efinance/eastmoney
贵州茅台,600519,2026-01-22,1323.99,1312.04,1333.74,1309.46,59011,7962441434.0,1.84,-0.83,-11.0,0.47,2026,efinance/eastmoney
贵州茅台,600519,2026-01-23,1312.08,1308.98,1319.98,1304.45,61949,8301311489.0,1.18,-0.23,-3.06,0.49,2026,efinance/eastmoney
贵州茅台,600519,2026-01-26,1312.49,1313.98,1326.98,1297.1,80166,10751225525.0,2.28,0.38,5.0,0.64,2026,efinance/eastmoney
贵州茅台,600519,2026-01-27,1316.96,1314.99,1325.68,1309.98,48416,6514513216.0,1.19,0.08,1.01,0.39,2026,efinance/eastmoney
贵州茅台,600519,2026-01-28,1315.02,1295.67,1318.69,1293.99,76218,10135019524.0,1.88,-1.47,-19.32,0.61,2026,efinance/eastmoney
贵州茅台,600519,2026-01-29,1306.98,1409.7,1416.98,1301.04,189534,26305591086.0,8.95,8.8,114.03,1.51,2026,efinance/eastmoney
贵州茅台,600519,2026-01-30,1406.98,1372.98,1406.98,1372.98,94480,13366329414.0,2.41,-2.6,-36.72,0.75,2026,efinance/eastmoney
贵州茅台,600519,2026-02-02,1396.98,1398.98,1430.56,1383.6,85724,12312646443.0,3.42,1.89,26.0,0.68,2026,efinance/eastmoney
贵州茅台,600519,2026-02-03,1416.98,1446.9,1448.79,1415.01,86321,12628439703.0,2.41,3.43,47.92,0.69,2026,efinance/eastmoney
贵州茅台,600519,2026-02-04,1456.98,1496.98,1505.25,1445.98,109123,16444345980.0,4.1,3.46,50.08,0.87,2026,efinance/eastmoney
贵州茅台,600519,2026-02-05,1491.98,1526.98,1536.98,1486.98,91623,14183456476.0,3.34,2.0,30.0,0.73,2026,efinance/eastmoney
贵州茅台,600519,2026-02-06,1526.98,1486.99,1539.98,1477.86,78965,12019878669.0,4.07,-2.62,-39.99,0.63,2026,efinance/eastmoney
贵州茅台,600519,2026-02-09,1489.98,1496.94,1514.86,1485.47,51168,7809067705.0,1.98,0.67,9.95,0.41,2026,efinance/eastmoney
贵州茅台,600519,2026-02-10,1496.95,1476.78,1496.95,1468.48,39576,5953269321.0,1.9,-1.35,-20.16,0.32,2026,efinance/eastmoney
贵州茅台,600519,2026-02-11,1476.78,1476.31,1485.98,1467.98,30928,4648360030.0,1.22,-0.03,-0.47,0.25,2026,efinance/eastmoney
贵州茅台,600519,2026-02-12,1472.18,1458.58,1474.8,1445.34,46246,6874370113.0,2.0,-1.2,-17.73,0.37,2026,efinance/eastmoney
贵州茅台,600519,2026-02-13,1458.58,1457.28,1479.78,1442.56,41679,6216379203.0,2.55,-0.09,-1.3,0.33,2026,efinance/eastmoney
贵州茅台,600519,2026-02-24,1492.98,1438.78,1496.38,1435.58,41913,6198840572.0,4.17,-1.27,-18.5,0.33,2026,efinance/eastmoney
贵州茅台,600519,2026-02-25,1441.98,1463.64,1481.64,1439.86,36881,5490316149.0,2.9,1.73,24.86,0.29,2026,efinance/eastmoney
贵州茅台,600519,2026-02-26,1458.58,1438.19,1461.47,1436.65,32958,4855471430.0,1.7,-1.74,-25.45,0.26,2026,efinance/eastmoney
贵州茅台,600519,2026-02-27,1438.97,1427.0,1448.19,1427.0,32160,4697692477.0,1.47,-0.78,-11.19,0.26,2026,efinance/eastmoney
贵州茅台,600519,2026-03-02,1421.98,1412.09,1428.98,1408.64,35454,5115063511.0,1.43,-1.04,-14.91,0.28,2026,efinance/eastmoney
贵州茅台,600519,2026-03-03,1412.08,1398.17,1424.85,1394.11,45891,6565381648.0,2.18,-0.99,-13.92,0.37,2026,efinance/eastmoney
贵州茅台,600519,2026-03-04,1386.98,1373.16,1394.98,1364.07,48014,6743267103.0,2.21,-1.79,-25.01,0.38,2026,efinance/eastmoney
贵州茅台,600519,2026-03-05,1377.98,1371.02,1384.94,1366.98,30505,4276226062.0,1.31,-0.16,-2.14,0.24,2026,efinance/eastmoney
贵州茅台,600519,2026-03-06,1366.98,1373.98,1379.48,1359.98,29154,4072328833.0,1.42,0.22,2.96,0.23,2026,efinance/eastmoney
贵州茅台,600519,2026-03-09,1361.98,1368.98,1376.88,1355.18,37442,5220095639.0,1.58,-0.36,-5.0,0.3,2026,efinance/eastmoney
贵州茅台,600519,2026-03-10,1376.88,1373.86,1381.47,1369.98,24626,3457808916.0,0.84,0.36,4.88,0.2,2026,efinance/eastmoney
贵州茅台,600519,2026-03-11,1374.97,1371.98,1377.97,1370.0,24457,3425363892.0,0.58,-0.14,-1.88,0.2,2026,efinance/eastmoney
贵州茅台,600519,2026-03-12,1366.98,1363.98,1375.93,1362.99,27586,3850521717.0,0.94,-0.58,-8.0,0.22,2026,efinance/eastmoney
贵州茅台,600519,2026-03-13,1364.46,1385.62,1389.6,1363.98,33608,4738808558.0,1.88,1.59,21.64,0.27,2026,efinance/eastmoney
贵州茅台,600519,2026-03-16,1391.98,1432.16,1437.98,1391.98,60086,8711525836.0,3.32,3.36,46.54,0.48,2026,efinance/eastmoney
贵州茅台,600519,2026-03-17,1439.98,1456.98,1470.05,1433.17,49454,7347310632.0,2.58,1.73,24.82,0.39,2026,efinance/eastmoney
贵州茅台,600519,2026-03-18,1460.98,1440.78,1468.48,1435.13,35551,5239992522.0,2.29,-1.11,-16.2,0.28,2026,efinance/eastmoney
贵州茅台,600519,2026-03-19,1444.94,1424.85,1444.98,1417.98,30319,4404953481.0,1.87,-1.11,-15.93,0.24,2026,efinance/eastmoney
贵州茅台,600519,2026-03-20,1424.94,1416.98,1434.48,1410.98,26132,3782818260.0,1.65,-0.55,-7.87,0.21,2026,efinance/eastmoney
贵州茅台,600519,2026-03-23,1405.31,1380.05,1406.98,1372.01,47256,6669708665.0,2.47,-2.61,-36.93,0.38,2026,efinance/eastmoney
贵州茅台,600519,2026-03-24,1387.98,1379.31,1389.57,1372.16,28562,4017694387.0,1.26,-0.05,-0.74,0.23,2026,efinance/eastmoney
贵州茅台,600519,2026-03-25,1382.09,1382.25,1389.85,1372.99,26093,3677905549.0,1.22,0.21,2.94,0.21,2026,efinance/eastmoney
贵州茅台,600519,2026-03-26,1380.98,1373.16,1385.88,1372.28,23093,3243387502.0,0.98,-0.66,-9.09,0.18,2026,efinance/eastmoney
贵州茅台,600519,2026-03-27,1371.98,1388.0,1397.98,1368.64,30087,4257499781.0,2.14,1.08,14.84,0.24,2026,efinance/eastmoney
贵州茅台,600519,2026-03-30,1378.98,1391.98,1402.98,1374.5,28685,4060684934.0,2.05,0.29,3.98,0.23,2026,efinance/eastmoney
贵州茅台,600519,2026-03-31,1439.98,1421.98,1451.91,1420.39,61691,9015486797.0,2.26,2.16,30.0,0.49,2026,efinance/eastmoney
贵州茅台,600519,2026-04-01,1436.47,1431.42,1441.97,1424.86,29125,4256185472.0,1.2,0.66,9.44,0.23,2026,efinance/eastmoney
贵州茅台,600519,2026-04-02,1431.42,1431.86,1436.86,1424.08,21064,3071809846.0,0.89,0.03,0.44,0.17,2026,efinance/eastmoney
贵州茅台,600519,2026-04-03,1431.52,1431.98,1441.94,1426.98,20194,2953993081.0,1.04,0.01,0.12,0.16,2026,efinance/eastmoney
贵州茅台,600519,2026-04-07,1432.03,1412.0,1441.98,1407.03,24152,3507471653.0,2.44,-1.4,-19.98,0.19,2026,efinance/eastmoney
贵州茅台,600519,2026-04-08,1431.98,1437.0,1441.06,1424.11,33836,4947937007.0,1.2,1.77,25.0,0.27,2026,efinance/eastmoney
贵州茅台,600519,2026-04-09,1437.0,1432.47,1437.0,1419.48,20705,3012278579.0,1.22,-0.32,-4.53,0.17,2026,efinance/eastmoney
贵州茅台,600519,2026-04-10,1431.12,1425.94,1431.69,1413.08,28866,4187181529.0,1.3,-0.46,-6.53,0.23,2026,efinance/eastmoney
贵州茅台,600519,2026-04-13,1415.98,1415.29,1418.48,1404.98,25214,3629675490.0,0.95,-0.75,-10.65,0.2,2026,efinance/eastmoney
贵州茅台,600519,2026-04-14,1414.58,1418.88,1420.58,1406.98,24233,3492544230.0,0.96,0.25,3.59,0.19,2026,efinance/eastmoney
贵州茅台,600519,2026-04-15,1416.96,1439.48,1442.77,1413.98,34553,5049317187.0,2.03,1.45,20.6,0.28,2026,efinance/eastmoney
贵州茅台,600519,2026-04-16,1439.43,1434.82,1449.39,1431.98,24513,3597294838.0,1.21,-0.32,-4.66,0.2,2026,efinance/eastmoney
贵州茅台,600519,2026-04-17,1371.98,1379.22,1392.98,1371.85,96825,13631929446.0,1.47,-3.88,-55.6,0.77,2026,efinance/eastmoney
贵州茅台,600519,2026-04-20,1374.98,1382.87,1385.92,1371.98,36451,5127146041.0,1.01,0.26,3.65,0.29,2026,efinance/eastmoney
贵州茅台,600519,2026-04-21,1382.98,1383.99,1391.88,1381.98,21754,3074595192.0,0.72,0.08,1.12,0.17,2026,efinance/eastmoney
贵州茅台,600519,2026-04-22,1386.98,1381.48,1390.98,1376.96,26916,3793827534.0,1.01,-0.18,-2.51,0.21,2026,efinance/eastmoney
贵州茅台,600519,2026-04-23,1379.98,1390.98,1391.68,1377.08,37701,5332831151.0,1.06,0.69,9.5,0.3,2026,efinance/eastmoney
贵州茅台,600519,2026-04-24,1385.08,1430.47,1430.86,1385.08,55455,8003410999.0,3.29,2.84,39.49,0.44,2026,efinance/eastmoney
贵州茅台,600519,2026-04-27,1391.98,1375.18,1391.98,1374.18,72798,10239763452.0,1.24,-3.87,-55.29,0.58,2026,efinance/eastmoney
贵州茅台,600519,2026-04-28,1373.98,1376.98,1381.37,1372.09,34004,4772513712.0,0.67,0.13,1.8,0.27,2026,efinance/eastmoney
贵州茅台,600519,2026-04-29,1376.98,1373.15,1381.73,1372.26,34813,4881691348.0,0.69,-0.28,-3.83,0.28,2026,efinance/eastmoney
贵州茅台,600519,2026-04-30,1371.98,1356.77,1373.15,1351.98,52753,7316111748.0,1.54,-1.19,-16.38,0.42,2026,efinance/eastmoney
贵州茅台,600519,2026-05-06,1337.08,1346.98,1350.98,1332.03,47806,6550750940.0,1.4,-0.72,-9.79,0.38,2026,efinance/eastmoney
贵州茅台,600519,2026-05-07,1346.98,1343.03,1359.98,1341.99,40461,5573286315.0,1.34,-0.29,-3.95,0.32,2026,efinance/eastmoney
贵州茅台,600519,2026-05-08,1343.64,1344.97,1354.75,1341.98,33369,4582855939.0,0.95,0.14,1.94,0.27,2026,efinance/eastmoney
贵州茅台,600519,2026-05-11,1344.87,1333.31,1344.87,1332.98,57135,7790721392.0,0.88,-0.87,-11.66,0.46,2026,efinance/eastmoney
贵州茅台,600519,2026-05-12,1333.98,1326.53,1335.56,1322.48,50837,6886304982.0,0.98,-0.51,-6.78,0.41,2026,efinance/eastmoney
贵州茅台,600519,2026-05-13,1326.48,1316.07,1330.58,1309.98,56968,7653257144.0,1.55,-0.79,-10.46,0.45,2026,efinance/eastmoney
贵州茅台,600519,2026-05-14,1309.98,1314.15,1341.04,1307.16,55244,7428592859.0,2.57,-0.15,-1.92,0.44,2026,efinance/eastmoney
贵州茅台,600519,2026-05-15,1307.13,1304.93,1311.26,1299.09,58184,7749366540.0,0.93,-0.7,-9.22,0.46,2026,efinance/eastmoney
贵州茅台,600519,2026-05-18,1307.98,1294.98,1314.66,1291.59,49661,6594983723.0,1.77,-0.76,-9.95,0.4,2026,efinance/eastmoney
贵州茅台,600519,2026-05-19,1293.88,1296.28,1301.97,1289.98,43255,5719170335.0,0.93,0.1,1.3,0.35,2026,efinance/eastmoney
贵州茅台,600519,2026-05-20,1292.98,1286.98,1304.97,1285.98,47487,6271273748.0,1.46,-0.72,-9.3,0.38,2026,efinance/eastmoney
贵州茅台,600519,2026-05-21,1284.96,1282.98,1295.5,1282.98,38868,5112740391.0,0.97,-0.31,-4.0,0.31,2026,efinance/eastmoney
贵州茅台,600519,2026-05-22,1282.93,1262.18,1283.89,1262.1,49157,6372389482.0,1.7,-1.62,-20.8,0.39,2026,efinance/eastmoney
贵州茅台,600519,2026-05-25,1258.98,1257.86,1276.77,1248.98,46353,5978725158.0,2.2,-0.34,-4.32,0.37,2026,efinance/eastmoney
贵州茅台,600519,2026-05-26,1257.33,1245.36,1261.87,1241.99,45932,5867830633.0,1.58,-0.99,-12.5,0.37,2026,efinance/eastmoney
贵州茅台,600519,2026-05-27,1240.0,1274.98,1290.98,1222.08,82728,10586574902.0,5.53,2.38,29.62,0.66,2026,efinance/eastmoney
贵州茅台,600519,2026-05-28,1261.98,1247.96,1275.98,1242.98,45890,5895475019.0,2.59,-2.12,-27.02,0.37,2026,efinance/eastmoney
贵州茅台,600519,2026-05-29,1242.58,1297.98,1300.98,1241.98,76478,10037388211.0,4.73,4.01,50.02,0.61,2026,efinance/eastmoney
贵州茅台,600519,2026-06-01,1298.98,1281.58,1298.98,1273.29,43845,5741133268.0,1.98,-1.26,-16.4,0.35,2026,efinance/eastmoney
贵州茅台,600519,2026-06-02,1277.98,1279.2,1298.34,1272.98,36362,4769963104.0,1.98,-0.19,-2.38,0.29,2026,efinance/eastmoney
贵州茅台,600519,2026-06-03,1275.98,1253.89,1275.98,1247.98,52477,6743202681.0,2.19,-1.98,-25.31,0.42,2026,efinance/eastmoney
贵州茅台,600519,2026-06-04,1250.97,1239.98,1260.97,1238.67,33506,4273269325.0,1.78,-1.11,-13.91,0.27,2026,efinance/eastmoney
贵州茅台,600519,2026-06-05,1249.98,1244.84,1254.98,1239.72,31304,3984001862.0,1.23,0.39,4.86,0.25,2026,efinance/eastmoney
贵州茅台,600519,2026-06-08,1243.98,1234.96,1249.98,1231.98,30828,3898027116.0,1.45,-0.79,-9.88,0.25,2026,efinance/eastmoney
贵州茅台,600519,2026-06-09,1234.97,1227.98,1234.98,1224.53,27860,3500590715.0,0.85,-0.57,-6.98,0.22,2026,efinance/eastmoney
贵州茅台,600519,2026-06-10,1224.06,1247.86,1253.98,1222.19,39244,4991686419.0,2.59,1.62,19.88,0.31,2026,efinance/eastmoney
贵州茅台,600519,2026-06-11,1244.1,1250.98,1254.86,1238.89,25352,3230008220.0,1.28,0.25,3.12,0.2,2026,efinance/eastmoney
贵州茅台,600519,2026-06-12,1243.16,1263.89,1266.98,1236.99,50495,6477910214.0,2.4,1.03,12.91,0.4,2026,efinance/eastmoney
贵州茅台,600519,2026-06-15,1264.68,1243.08,1264.68,1242.08,41586,5303656129.0,1.79,-1.65,-20.81,0.33,2026,efinance/eastmoney
贵州茅台,600519,2026-06-16,1238.99,1227.65,1239.86,1226.98,34970,4399957625.0,1.04,-1.24,-15.43,0.28,2026,efinance/eastmoney
贵州茅台,600519,2026-06-17,1229.98,1211.98,1231.75,1210.54,44803,5581256291.0,1.73,-1.28,-15.67,0.36,2026,efinance/eastmoney
贵州茅台,600519,2026-06-18,1206.98,1186.98,1210.85,1183.2,57472,7016713941.0,2.28,-2.06,-25.0,0.46,2026,efinance/eastmoney
贵州茅台,600519,2026-06-22,1186.29,1213.39,1224.78,1176.98,58251,7163236298.0,4.03,2.22,26.41,0.47,2026,efinance/eastmoney
贵州茅台,600519,2026-06-23,1210.98,1194.43,1235.98,1188.98,58004,7179745911.0,3.87,-1.56,-18.96,0.46,2026,efinance/eastmoney
贵州茅台,600519,2026-06-24,1194.63,1179.66,1213.85,1179.49,45335,5516574460.0,2.88,-1.24,-14.77,0.36,2026,efinance/eastmoney
贵州茅台,600519,2026-06-25,1178.98,1184.08,1198.98,1171.98,48446,5860481755.0,2.29,0.37,4.42,0.39,2026,efinance/eastmoney
贵州茅台,600519,2026-06-26,1199.0,1168.63,1199.0,1168.1,50066,5922014054.0,2.61,-1.3,-15.45,0.4,2026,efinance/eastmoney
贵州茅台,600519,2026-06-29,1169.0,1194.96,1215.0,1151.01,66878,7949237761.0,5.48,2.25,26.33,0.53,2026,efinance/eastmoney
贵州茅台,600519,2026-06-30,1187.0,1185.49,1195.67,1176.0,39608,4684236159.0,1.65,-0.79,-9.47,0.32,2026,efinance/eastmoney
贵州茅台,600519,2026-07-01,1180.1,1193.01,1196.8,1166.33,42474,5033838236.0,2.57,0.63,7.52,0.34,2026,efinance/eastmoney
贵州茅台,600519,2026-07-02,1193.01,1203.0,1215.52,1190.51,50870,6122360932.0,2.1,0.84,9.99,0.41,2026,efinance/eastmoney
贵州茅台,600519,2026-07-03,1205.24,1194.45,1210.14,1185.0,34268,4099266243.0,2.09,-0.71,-8.55,0.27,2026,efinance/eastmoney
贵州茅台,600519,2026-07-06,1186.0,1206.91,1215.0,1180.0,40970,4913750668.0,2.93,1.04,12.46,0.33,2026,efinance/eastmoney
贵州茅台,600519,2026-07-07,1200.0,1188.8,1202.0,1188.11,27365,3264967794.0,1.15,-1.5,-18.11,0.22,2026,efinance/eastmoney
贵州茅台,600519,2026-07-08,1188.77,1199.3,1200.98,1177.0,25776,3071933498.0,2.02,0.88,10.5,0.21,2026,efinance/eastmoney
贵州茅台,600519,2026-07-09,1191.0,1182.19,1191.99,1178.0,34096,4035216946.0,1.17,-1.43,-17.11,0.27,2026,efinance/eastmoney
贵州茅台,600519,2026-07-10,1182.2,1204.98,1204.98,1170.28,52213,6223343642.0,2.94,1.93,22.79,0.42,2026,efinance/eastmoney
贵州茅台,600519,2026-07-13,1197.12,1210.99,1215.0,1190.19,41983,5056689558.0,2.06,0.5,6.01,0.34,2026,efinance/eastmoney
贵州茅台,600519,2026-07-14,1208.99,1214.88,1226.87,1205.0,43527,5294785036.0,1.81,0.32,3.89,0.35,2026,efinance/eastmoney
贵州茅台,600519,2026-07-15,1203.66,1251.06,1256.6,1198.66,71944,8922861367.0,4.77,2.98,36.18,0.58,2026,efinance/eastmoney
贵州茅台,600519,2026-07-16,1252.0,1258.99,1267.97,1245.05,47611,5987570858.0,1.83,0.63,7.93,0.38,2026,efinance/eastmoney
贵州茅台,600519,2026-07-17,1269.01,1253.0,1269.33,1238.98,58417,7322732709.0,2.41,-0.48,-5.99,0.47,2026,efinance/eastmoney
贵州茅台,600519,2026-07-20,1270.0,1327.5,1329.0,1266.0,106151,13898351084.0,5.03,5.95,74.5,0.85,2026,efinance/eastmoney
贵州茅台,600519,2026-07-21,1338.98,1308.0,1344.7,1296.87,77148,10174304108.0,3.6,-1.47,-19.5,0.62,2026,efinance/eastmoney
贵州茅台,600519,2026-07-22,1300.0,1305.0,1308.0,1283.24,65181,8431141766.0,1.89,-0.23,-3.0,0.52,2026,efinance/eastmoney
贵州茅台,600519,2026-07-23,1299.8,1292.01,1303.0,1285.43,33918,4392505599.0,1.35,-1.0,-12.99,0.27,2026,efinance/eastmoney
贵州茅台,600519,2026-07-24,1305.0,1297.41,1309.21,1286.2,35699,4622242878.0,1.78,0.42,5.4,0.29,2026,efinance/eastmoney
贵州茅台,600519,2026-07-27,1308.0,1289.5,1308.0,1279.58,31990,4129228560.0,2.19,-0.61,-7.91,0.26,2026,efinance/eastmoney
贵州茅台,600519,2026-07-28,1299.0,1320.0,1320.0,1289.52,53135,6960058121.0,2.36,2.37,30.5,0.43,2026,efinance/eastmoney
贵州茅台,600519,2026-07-29,1333.83,1321.0,1343.48,1312.06,62330,8282396819.0,2.38,0.08,1.0,0.5,2026,efinance/eastmoney
贵州茅台,600519,2026-07-30,1323.0,1361.76,1362.0,1322.0,71873,9712135434.0,3.03,3.09,40.76,0.57,2026,efinance/eastmoney
贵州茅台,600519,2026-07-31,1330.03,1350.6,1355.72,1325.77,55128,7373462605.0,2.2,-0.82,-11.16,0.44,2026,efinance/eastmoney
贵州茅台,600519,2026-08-03,1350.6,1358.98,1363.35,1346.0,36147,4898665275.0,1.28,0.62,8.38,0.29,2026,efinance/eastmoney
贵州茅台,600519,2026-08-04,1350.06,1328.36,1350.94,1328.36,37450,5004070406.0,1.66,-2.25,-30.62,0.3,2026,efinance/eastmoney
贵州茅台,600519,2026-08-05,1328.36,1306.45,1333.8,1303.5,42689,5600615349.0,2.28,-1.65,-21.91,0.34,2026,efinance/eastmoney
贵州茅台,600519,2026-08-06,1310.0,1308.55,1314.4,1300.01,25463,3326230801.0,1.1,0.16,2.1,0.2,2026,efinance/eastmoney
贵州茅台,600519,2026-08-07,1308.66,1309.22,1315.28,1301.0,24976,3266919421.0,1.09,0.05,0.67,0.2,2026,efinance/eastmoney
贵州茅台,600519,2026-08-10,1325.0,1348.86,1359.97,1318.08,62686,8428304269.0,3.2,3.03,39.64,0.5,2026,efinance/eastmoney
贵州茅台,600519,2026-08-11,1348.0,1346.5,1352.65,1338.0,27073,3640046368.0,1.09,-0.17,-2.36,0.22,2026,efinance/eastmoney
贵州茅台,600519,2026-08-12,1346.5,1343.0,1356.88,1332.51,35060,4717613108.0,1.81,-0.26,-3.5,0.28,2026,efinance/eastmoney
贵州茅台,600519,2026-08-13,1338.0,1355.29,1359.6,1337.0,32353,4376205567.0,1.68,0.92,12.29,0.26,2026,efinance/eastmoney
贵州茅台,600519,2026-08-14,1355.0,1341.99,1359.0,1338.14,29853,4024065608.0,1.54,-0.98,-13.3,0.24,2026,efinance/eastmoney
贵州茅台,600519,2026-08-17,1295.0,1293.09,1301.0,1280.34,78430,10114852172.0,1.54,-3.64,-48.9,0.63,2026,efinance/eastmoney
贵州茅台,600519,2026-08-18,1291.0,1297.99,1302.9,1285.17,38723,5007014692.0,1.37,0.38,4.9,0.31,2026,efinance/eastmoney
贵州茅台,600519,2026-08-19,1300.0,1307.88,1308.88,1290.5,37548,4876774762.0,1.42,0.76,9.89,0.3,2026,efinance/eastmoney
贵州茅台,600519,2026-08-20,1299.8,1291.5,1306.88,1291.0,25332,3280474226.0,1.21,-1.25,-16.38,0.2,2026,efinance/eastmoney
贵州茅台,600519,2026-08-21,1291.5,1272.83,1291.5,1272.01,33472,4278311022.0,1.51,-1.45,-18.67,0.27,2026,efinance/eastmoney
贵州茅台,600519,2026-08-24,1271.01,1304.66,1313.8,1270.33,48440,6299794441.0,3.42,2.5,31.83,0.39,2026,efinance/eastmoney
贵州茅台,600519,2026-08-25,1311.89,1304.0,1317.0,1301.11,21111,2757527115.0,1.22,-0.05,-0.66,0.17,2026,efinance/eastmoney
贵州茅台,600519,2026-08-26,1300.0,1302.8,1314.45,1295.0,21731,2838763999.0,1.49,-0.09,-1.2,0.17,2026,efinance/eastmoney
贵州茅台,600519,2026-08-27,1304.0,1292.3,1305.0,1288.0,24767,3203715661.0,1.3,-0.81,-10.5,0.2,2026,efinance/eastmoney
贵州茅台,600519,2026-08-28,1289.0,1297.4,1297.89,1288.0,16126,2086008422.0,0.77,0.39,5.1,0.13,2026,efinance/eastmoney
贵州茅台,600519,2026-08-31,1297.99,1299.52,1305.0,1286.0,23248,3003033720.0,1.46,0.16,2.12,0.19,2026,efinance/eastmoney
贵州茅台,600519,2026-09-01,1295.0,1299.56,1307.99,1286.1,32664,4242440861.0,1.68,0.0,0.04,0.26,2026,efinance/eastmoney
贵州茅台,600519,2026-09-02,1302.8,1297.5,1303.0,1291.2,20308,2634084231.0,0.91,-0.16,-2.06,0.16,2026,efinance/eastmoney
贵州茅台,600519,2026-09-03,1297.5,1298.88,1305.0,1293.02,17748,2305193119.0,0.92,0.11,1.38,0.14,2026,efinance/eastmoney
贵州茅台,600519,2026-09-04,1295.88,1330.0,1338.86,1295.6,45416,6022594729.0,3.33,2.4,31.12,0.36,2026,efinance/eastmoney
贵州茅台,600519,2026-09-07,1324.0,1316.01,1333.6,1312.66,25250,3336029501.0,1.57,-1.05,-13.99,0.2,2026,efinance/eastmoney
贵州茅台,600519,2026-09-08,1318.0,1309.3,1323.0,1309.05,17534,2302823753.0,1.06,-0.51,-6.71,0.14,2026,efinance/eastmoney
贵州茅台,600519,2026-09-09,1305.01,1290.88,1309.3,1286.68,32226,4168500462.0,1.73,-1.41,-18.42,0.26,2026,efinance/eastmoney
贵州茅台,600519,2026-09-10,1291.0,1285.13,1294.99,1282.0,18900,2428698784.0,1.01,-0.45,-5.75,0.15,2026,efinance/eastmoney
贵州茅台,600519,2026-09-11,1285.15,1275.16,1286.15,1263.01,34801,4430841445.0,1.8,-0.78,-9.97,0.28,2026,efinance/eastmoney
贵州茅台,600519,2026-09-14,1277.27,1277.96,1285.53,1270.36,16571,2116621850.0,1.19,0.22,2.8,0.13,2026,efinance/eastmoney
贵州茅台,600519,2026-09-15,1281.0,1272.75,1284.5,1271.28,13762,1756915149.0,1.03,-0.41,-5.21,0.11,2026,efinance/eastmoney
贵州茅台,600519,2026-09-16,1273.93,1258.0,1274.98,1254.1,26235,3307926407.0,1.64,-1.16,-14.75,0.21,2026,efinance/eastmoney
贵州茅台,600519,2026-09-17,1257.98,1266.98,1267.6,1254.0,17554,2217338283.0,1.08,0.71,8.98,0.14,2026,efinance/eastmoney
贵州茅台,600519,2026-09-18,1262.99,1257.12,1265.88,1256.1,24891,3135849108.0,0.77,-0.78,-9.86,0.2,2026,efinance/eastmoney
贵州茅台,600519,2026-09-21,1259.0,1252.57,1259.95,1250.8,25017,3135910045.0,0.73,-0.36,-4.55,0.2,2026,efinance/eastmoney
贵州茅台,600519,2026-09-22,1252.15,1253.8,1265.88,1248.1,24573,3088526148.0,1.42,0.1,1.23,0.2,2026,efinance/eastmoney
贵州茅台,600519,2026-09-23,1255.03,1251.24,1271.5,1250.89,30981,3894630783.0,1.64,-0.2,-2.56,0.25,2026,efinance/eastmoney
贵州茅台,600519,2026-09-24,1250.01,1237.0,1256.13,1231.05,31239,3867310920.0,2.0,-1.14,-14.24,0.25,2026,efinance/eastmoney
贵州茅台,600519,2026-09-28,1236.0,1243.88,1244.01,1228.1,28218,3488720613.0,1.29,0.56,6.88,0.23,2026,efinance/eastmoney
