序号,股票代码,股票简称,报告名称,东财评级,机构,近一月个股研报数,2026-盈利预测-收益,2026-盈利预测-市盈率,2027-盈利预测-收益,2027-盈利预测-市盈率,2028-盈利预测-收益,2028-盈利预测-市盈率,行业,日期,报告PDF链接,sample_stock_code
1,000001,平安银行,平安银行2026年中报点评：净息差企稳，财富管理带动中收增长,买入,太平洋,0,2.15,5.17,2.28,4.87,2.4,4.64,银行Ⅱ,2026-08-25,https://pdf.dfcfw.com/pdf/H3_AP202608251828402313_1.pdf,000001
2,000001,平安银行,2026年中报点评：资产质量改善,中性,国信证券,0,2.13,5.2,2.16,5.1,2.19,5.1,银行Ⅱ,2026-08-16,https://pdf.dfcfw.com/pdf/H3_AP202608161828030027_1.pdf,000001
3,000001,平安银行,2025年报及2026一季报点评：收入利润增速均回正,中性,国信证券,0,2.08,5.3,2.09,5.3,2.11,5.2,银行Ⅱ,2026-04-26,https://pdf.dfcfw.com/pdf/H3_AP202604261821586763_1.pdf,000001
4,000001,平安银行,2025年报点评：资产质量压力减轻,中性,国信证券,0,2.08,5.2,2.09,5.1,2.11,5.1,银行Ⅱ,2026-03-22,https://pdf.dfcfw.com/pdf/H3_AP202603221820687530_1.pdf,000001
5,000001,平安银行,2025年三季报点评：三季度息差阶段企稳，资产质量总体平稳,买入,东兴证券,0,2.24,5.17,2.32,4.98,,,银行Ⅱ,2025-10-28,https://pdf.dfcfw.com/pdf/H3_AP202510281770514161_1.pdf,000001
1,300750,宁德时代,业绩维持快速增长，回购彰显发展信心,增持,国信证券,0,20.83,19.3,25.96,15.5,30.45,13.2,电池,2026-07-31,https://pdf.dfcfw.com/pdf/H3_AP202607311827537552_1.pdf,300750
2,300750,宁德时代,中报业绩符合预期，拟推出200-400亿元回购计划,买入,山西证券,0,21.28,18.4,26.49,14.8,32.21,12.1,电池,2026-07-29,https://pdf.dfcfw.com/pdf/H3_AP202607291827453255_1.pdf,300750
3,300750,宁德时代,2026年半年报点评：回购股份夯实信心，业绩持续增长，符合预期,买入,西南证券,0,19.65,20.36,23.77,16.83,28.59,13.99,电池,2026-07-28,https://pdf.dfcfw.com/pdf/H3_AP202607281827423474_1.pdf,300750
4,300750,宁德时代,2季度出货超预期，关注盈利修复节奏及供需变化；维持买入,买入,交银国际证券,0,20.507,18.7,24.896,15.4,28.512,13.4,电池,2026-07-28,https://pdf.dfcfw.com/pdf/H3_AP202607281827402414_1.pdf,300750
5,300750,宁德时代,公司半年报业绩快速增长，拟回购A股股份，建议“买进”,增持,群益证券,0,21.604,17.73,27.17,14.1,32.446,11.8,电池,2026-07-27,https://pdf.dfcfw.com/pdf/H3_AP202607271827380430_1.pdf,300750
1,600519,贵州茅台,贵州茅台公司跟踪报告：以动销定投放，缓解市场压力，低速稳态发展,买入,诚通证券,1,65.14,19.7,67.87,18.9,71.32,18.0,白酒Ⅱ,2026-09-21,https://pdf.dfcfw.com/pdf/H3_AP202609211829719676_1.pdf,600519
2,600519,贵州茅台,2026年中报点评：茅台酒稳健，系列酒主动调整,买入,西南证券,1,69.83,18.59,75.82,17.12,83.83,15.48,白酒Ⅱ,2026-08-21,https://pdf.dfcfw.com/pdf/H3_AP202608211828244348_1.pdf,600519
3,600519,贵州茅台,市场化改革带来短期业绩阵痛，公司改革成效显著，基本面仍具韧性,买入,中银证券,1,67.1,19.5,70.2,18.6,73.7,17.8,白酒Ⅱ,2026-08-21,https://pdf.dfcfw.com/pdf/H3_AP202608211828236036_1.pdf,600519
4,600519,贵州茅台,2026年中期业绩点评报告：提价与直销双轮驱动，改革深化稳基本盘,增持,万联证券,1,68.95,18.75,74.88,17.27,80.58,16.05,白酒Ⅱ,2026-08-19,https://pdf.dfcfw.com/pdf/H3_AP202608191828157250_1.pdf,600519
5,600519,贵州茅台,短期业绩承压，i茅台延续高增,买入,山西证券,1,68.21,19.0,71.6,18.1,75.11,17.2,白酒Ⅱ,2026-08-18,https://pdf.dfcfw.com/pdf/H3_AP202608181828111071_1.pdf,600519
